FEEDSTUFF,Edible_Mass,Total_Protein,Total_Energy_Lactating,Total_Energy_Gain,Total_Energy_Maintenance,Total_Fiber,EE,ASH,Ca,P,K,Cl,S,Zn ppm,Cattle,Sheep,Goat,Rabbit,Horse,Fish,Poultry
ALFALFA CUBES,0.91,0.4368,1.0886999999999998,0.7975,1.0886999999999998,1.3741,0.0182,0.10010000000000001,0.011830000000000002,0.0020930000000000002,0.01729,0.3276,0.3276,0.18200000000000002,0.0,0.0,0.0,1.0,1.0,0.0,0.0
ALFALFA DEHYDRATED 17% CP,0.92,0.7268000000000001,1.1712,0.8952,1.1804000000000001,1.0212,0.0276,0.1012,0.013064,0.0023,0.023000000000000003,0.3128,0.3128,0.1932,1.0,1.0,1.0,0.0,0.0,0.0,0.0
ALFALFA FRESH,0.24,0.08879999999999999,0.7564,0.6844,0.7587999999999999,0.35519999999999996,0.0072,0.021599999999999998,0.0032400000000000003,0.000648,0.00624,0.0816,0.0816,0.043199999999999995,1.0,0.0,0.0,0.0,1.0,0.0,0.0
ALFALFA HAY EARLY BLOOM,0.9,0.35100000000000003,1.121,0.8420000000000001,1.121,1.8,0.022500000000000003,0.07200000000000001,0.01269,0.00234,0.022500000000000003,0.315,0.315,0.198,1.0,1.0,1.0,0.0,0.0,0.0,0.0
ALFALFA HAY MIDBLOOM,0.89,0.35600000000000004,1.0962,0.8114,1.0962,1.8244999999999998,0.02047,0.0801,0.012459999999999999,0.002136,0.0178,0.3204,0.3204,0.21359999999999998,1.0,1.0,1.0,0.0,0.0,0.0,0.0
ALFALFA HAY FULL BLOOM,0.88,0.36079999999999995,1.0152,0.7160000000000001,1.0152,1.9184,0.0176,0.0704,0.01056,0.002024,0.014960000000000001,0.35200000000000004,0.35200000000000004,0.2024,1.0,1.0,1.0,0.0,0.0,0.0,0.0
ALFALFA HAY MATURE,0.88,0.3784,0.9312,0.6056,0.94,2.0591999999999997,0.01144,0.0704,0.010384,0.001672,0.0132,0.396,0.396,0.2024,1.0,1.0,1.0,0.0,0.0,0.0,0.0
ALFALFA SEED SCREENINGS,0.91,0.3094,1.6317,1.3951,1.6772,0.2548,0.09737,0.0546,0.0027300000000000002,0.006097,0.0,0.1365,0.1365,0.0,0.0,0.0,0.0,1.0,0.0,0.0,1.0
ALFALFA SILAGE,0.3,0.111,0.7150000000000001,0.613,0.7150000000000001,0.588,0.009,0.027,0.0042,0.0008699999999999999,0.0078000000000000005,0.111,0.111,0.078,1.0,1.0,1.0,0.0,0.0,0.0,0.0
ALFALFA SILAGE WILTED,0.39,0.15600000000000003,0.8061999999999999,0.6814,0.8061999999999999,0.7644,0.0117,0.0351,0.00546,0.001131,0.010140000000000001,0.1443,0.1443,0.1014,1.0,1.0,1.0,0.0,0.0,0.0,0.0
ALFALFA LEAF MEAL,0.89,0.3649,1.134,0.867,1.134,0.9701000000000001,0.026699999999999998,0.08900000000000001,0.025632,0.0030260000000000005,0.019580000000000004,0.21359999999999998,0.21359999999999998,0.3471,1.0,1.0,1.0,0.0,0.0,0.0,0.0
ALFALFA STEMS,0.89,0.48950000000000005,0.8794,0.5323,0.8883,2.3407,0.01157,0.053399999999999996,0.008010000000000001,0.001602,0.022250000000000002,0.4539,0.4539,0.0,0.0,0.0,0.0,0.0,0.0,0.0,0.0
ALMOND HULLS,0.89,0.5607,1.0584000000000002,0.7647,1.0584000000000002,1.6109,0.02759,0.06230000000000001,0.002136,0.0008900000000000001,0.0178,0.2581,0.2581,0.17800000000000002,0.0,0.0,0.0,0.0,0.0,0.0,0.0
APPLES,0.17,0.0221,0.8207,0.7747999999999999,0.8240999999999999,0.08670000000000001,0.0037400000000000007,0.0034000000000000002,0.000102,0.00102,0.00136,0.015300000000000001,0.015300000000000001,0.0,0.0,0.0,1.0,0.0,1.0,0.0,0.0
APPLE POMACE WET,0.2,0.03,0.8180000000000001,0.762,0.8200000000000001,0.21600000000000003,0.010400000000000001,0.006,0.00026,0.00023999999999999998,0.001,0.054000000000000006,0.054000000000000006,0.022000000000000002,0.0,0.0,0.0,0.0,0.0,0.0,1.0
APPLE POMACE DRIED,0.89,0.17800000000000002,1.2752000000000001,1.026,1.2841,1.0056999999999998,0.04628,0.026699999999999998,0.001157,0.001068,0.00445,0.24920000000000003,0.24920000000000003,0.0979,0.0,0.0,0.0,0.0,0.0,0.0,1.0
ARTICHOKE TOPS (JERUSALEM),0.27,0.0162,0.7746999999999999,0.6937,0.7774,0.34830000000000005,0.0029700000000000004,0.027000000000000003,0.004374000000000001,0.00029700000000000006,0.00378,0.081,0.081,0.0,0.0,1.0,1.0,0.0,0.0,0.0,0.0
AVOCADO SEED MEAL,0.91,0.18200000000000002,0.9841,0.6656,0.9932000000000001,0.3913,0.010920000000000001,0.1456,0.0,0.0,0.0,0.2184,0.2184,0.0,1.0,1.0,1.0,0.0,0.0,0.0,0.0
BAHIAGRASS HAY,0.9,0.387,1.0070000000000001,0.6920000000000001,1.0070000000000001,2.1870000000000003,0.016200000000000003,0.06300000000000001,0.004229999999999999,0.0018000000000000002,0.012599999999999998,0.369,0.369,0.0,1.0,1.0,1.0,0.0,0.0,0.0,0.0
BAKERY PRODUCT DRIED,0.9,0.369,1.746,1.512,1.8,0.378,0.10350000000000001,0.036000000000000004,0.00144,0.0024300000000000003,0.0036000000000000003,0.081,0.081,0.29700000000000004,0.0,0.0,0.0,0.0,0.0,0.0,1.0
BANANAS,0.24,0.0096,1.0488,0.9863999999999999,1.0608,0.021599999999999998,0.00192,0.0072,7.199999999999999e-05,0.000264,0.0036,0.012,0.012,0.0192,0.0,0.0,0.0,0.0,0.0,0.0,1.0
BARLEY HAY,0.9,0.081,1.083,0.7949999999999999,1.083,2.052,0.0189,0.07200000000000001,0.0027,0.0025200000000000005,0.014400000000000001,0.333,0.333,0.225,1.0,1.0,1.0,0.0,0.0,0.0,0.0
BARLEY SILAGE,0.35,0.119,0.7929999999999999,0.6809999999999999,0.7929999999999999,0.6649999999999999,0.010499999999999999,0.0315,0.0016099999999999999,0.00105,0.0084,0.1295,0.1295,0.098,1.0,1.0,1.0,0.0,0.0,0.0,0.0
BARLEY SILAGE MATURE,0.35,0.1295,0.7829999999999999,0.6709999999999999,0.7829999999999999,0.6124999999999999,0.01225,0.0315,0.00105,0.0007,0.0052499999999999995,0.119,0.119,0.0875,1.0,1.0,1.0,0.0,0.0,0.0,0.0
BARLEY STRAW,0.9,0.666,0.827,0.449,0.8360000000000001,2.475,0.0171,0.06300000000000001,0.00288,0.00072,0.0198,0.49500000000000005,0.49500000000000005,0.06300000000000001,1.0,0.0,0.0,0.0,0.0,0.0,0.0
BARLEY GRAIN,0.89,0.35600000000000004,1.6143,1.3829,1.6588,0.5874,0.018690000000000002,0.026699999999999998,0.000534,0.003382,0.00534,0.06230000000000001,0.06230000000000001,0.20470000000000002,0.0,0.0,0.0,0.0,1.0,0.0,1.0
"BARLEY GRAIN, STEAM FLAKED",0.85,0.4335,1.75,1.495,1.75,0.527,0.01785,0.0255,0.0005099999999999999,0.0029749999999999998,0.0051,0.059500000000000004,0.059500000000000004,0.1955,0.0,0.0,0.0,0.0,1.0,0.0,1.0
BARLEY GRAIN STEAM ROLLED,0.86,0.43,1.5882,1.3645999999999998,1.6312,0.5074,0.01806,0.0258,0.000516,0.0035259999999999996,0.00516,0.060200000000000004,0.060200000000000004,0.258,0.0,0.0,0.0,0.0,1.0,0.0,1.0
BARLEY GRAIN 2-ROW,0.87,0.10439999999999999,1.5969,1.3706999999999998,1.6404,0.6264,0.02001,0.0174,0.000435,0.0026969999999999997,0.00522,0.0696,0.0696,0.0,0.0,0.0,0.0,1.0,1.0,0.0,1.0
BARLEY GRAIN 6-ROW,0.87,0.0957,1.5969,1.3706999999999998,1.6404,0.6264,0.01914,0.026099999999999998,0.000435,0.003132,0.00522,0.0696,0.0696,0.0,0.0,0.0,0.0,1.0,1.0,0.0,1.0
BARLEY GRAIN LT. WT.  (42-44 LB/BU),0.88,0.3784,1.484,1.2552,1.5104,0.748,0.02024,0.0352,0.0,0.0,0.0,0.1056,0.1056,0.0,0.0,0.0,0.0,1.0,1.0,0.0,1.0
BARLEY FEED PEARL BYPRODUCT,0.9,0.36000000000000004,1.424,1.181,1.4420000000000002,0.24300000000000002,0.0351,0.045000000000000005,0.00045000000000000004,0.004050000000000001,0.006299999999999999,0.135,0.135,0.0,0.0,0.0,0.0,1.0,0.0,0.0,1.0
BARLEY BRAN,0.91,0.36400000000000005,1.1269,0.8448,1.1269,0.8190000000000001,0.03913,0.0637,0.0,0.0,0.0,0.24570000000000003,0.24570000000000003,0.0,0.0,0.0,0.0,1.0,1.0,0.0,1.0
BARLEY GRAIN SCREENINGS,0.89,0.10679999999999999,1.3597,1.1194,1.3685999999999998,0.17800000000000002,0.02314,0.0356,0.0031149999999999997,0.002937,0.008010000000000001,0.0979,0.0979,0.0,0.0,0.0,0.0,1.0,1.0,0.0,1.0
BEANS NAVY CULL,0.9,0.441,1.623,1.389,1.6680000000000001,0.29700000000000004,0.012599999999999998,0.045000000000000005,0.00135,0.0054,0.012599999999999998,0.07200000000000001,0.07200000000000001,0.405,0.0,0.0,0.0,1.0,1.0,0.0,1.0
BEET PULP WET,0.17,0.0748,0.9043,0.8601000000000001,0.9094,0.20400000000000001,0.0011899999999999999,0.0085,0.001105,0.00013600000000000003,0.0015300000000000003,0.0425,0.0425,0.0357,1.0,1.0,1.0,0.0,0.0,0.0,0.0
BEET PULP DRIED,0.91,0.48230000000000006,1.4698000000000002,1.2332,1.4971,1.1466,0.00637,0.045500000000000006,0.005915000000000001,0.000728,0.008190000000000001,0.2366,0.2366,0.1911,1.0,1.0,1.0,0.0,0.0,0.0,0.0
BEET PULP WET WITH  MOLASSES,0.24,0.08639999999999999,0.9596,0.8972,0.9668,0.2616,0.0014399999999999999,0.0144,0.0014399999999999999,0.00024,0.00432,0.05039999999999999,0.05039999999999999,0.0264,1.0,1.0,1.0,0.0,0.0,0.0,0.0
BEET PULP DRIED WITH MOLASSES,0.92,0.41400000000000003,1.4968000000000001,1.2576,1.5244,1.0395999999999999,0.005520000000000001,0.0552,0.005520000000000001,0.00092,0.016560000000000002,0.2116,0.2116,0.1012,1.0,1.0,1.0,0.0,0.0,0.0,0.0
BEET ROOT (SUGAR),0.23,0.0092,0.9909,0.9288000000000001,0.9978,0.06440000000000001,0.00092,0.0069,0.0,0.0,0.0,0.016100000000000003,0.016100000000000003,0.0,1.0,1.0,1.0,0.0,0.0,0.0,0.0
BEET TOPS (SUGAR),0.19,0.026600000000000002,0.6901999999999999,0.6294,0.6901999999999999,0.1729,0.0024700000000000004,0.0456,0.0020900000000000003,0.000418,0.009880000000000002,0.026600000000000002,0.026600000000000002,0.038000000000000006,1.0,1.0,1.0,0.0,0.0,0.0,0.0
BEET TOP SILAGE,0.25,0.03,0.6475,0.56,0.65,0.03,0.005,0.08,0.00345,0.00055,0.01425,0.0,0.0,0.05,1.0,1.0,1.0,0.0,0.0,0.0,0.0
BERMUDAGRASS COASTAL DEHYDRATED,0.9,0.5040000000000001,1.187,0.917,1.187,0.9450000000000001,0.0342,0.06300000000000001,0.0036000000000000003,0.0022500000000000003,0.016200000000000003,0.261,0.261,0.162,1.0,1.0,1.0,0.0,0.0,0.0,0.0
BERMUDAGRASS COASTAL HAY,0.89,0.267,1.0584000000000002,0.7647,1.0584000000000002,2.1093,0.018690000000000002,0.053399999999999996,0.004182999999999999,0.001869,0.013349999999999999,0.3204,0.3204,0.1424,1.0,1.0,1.0,0.0,0.0,0.0,0.0
BERMUDAGRASS HAY,0.89,0.24920000000000003,1.0017,0.6902,1.0017,2.1004,0.01691,0.0712,0.004094,0.0017800000000000001,0.013349999999999999,0.3293,0.3293,0.2759,1.0,1.0,1.0,0.0,0.0,0.0,0.0
BERMUDAGRASS SILAGE,0.26,0.065,0.6274,0.5312,0.63,0.4732,0.00494,0.020800000000000003,0.001196,0.0005200000000000001,0.0039,0.091,0.091,0.0806,1.0,1.0,1.0,0.0,0.0,0.0,0.0
BIRDSFOOT TREFOIL FRESH,0.22,0.09019999999999999,0.8074,0.7436,0.8096000000000001,0.308,0.009680000000000001,0.019799999999999998,0.003916,0.00055,0.00572,0.0682,0.0682,0.0682,1.0,1.0,1.0,0.0,0.0,0.0,0.0
BIRDSFOOT TREFOIL HAY,0.89,0.3382,1.0773,0.7925,1.0773,1.8779,0.019580000000000004,0.0712,0.015397,0.002136,0.016020000000000003,0.3382,0.3382,0.24920000000000003,1.0,1.0,1.0,0.0,0.0,0.0,0.0
"BLOOD MEAL, SWINE/POULTRY",0.91,1.5834000000000001,1.2697,1.0058,1.2788,0.1183,0.01274,0.0273,0.002912,0.0025480000000000004,0.00182,0.0182,0.0182,0.20020000000000002,0.0,0.0,0.0,0.0,0.0,0.0,1.0
BLUEGRASS KY FRESH EARLY BLOOM,0.36,0.126,0.942,0.8448,0.9456,0.576,0.014039999999999999,0.0252,0.001332,0.00108,0.00684,0.1152,0.1152,0.09,1.0,1.0,1.0,0.0,0.0,0.0,0.0
BLUEGRASS STRAW,0.93,0.0558,0.8592,0.4779,0.8685,2.3994,0.010230000000000001,0.0558,0.00186,0.00093,0.0,0.465,0.465,0.0,1.0,1.0,1.0,0.0,0.0,0.0,0.0
BLUESTEM FRESH MATURE,0.61,0.0366,0.7988999999999999,0.5732,0.8049999999999999,0.2074,0.01525,0.0305,0.00244,0.0007319999999999999,0.00488,0.0,0.0,0.1708,1.0,1.0,1.0,0.0,0.0,0.0,0.0
"BONE MEAL STEAMED,  SWINE/POULTRY",0.95,0.1235,0.2645,0.16,0.4165,0.0095,0.11019999999999999,0.7314999999999999,0.2565,0.12103000000000001,0.0019,0.0,0.0,2.755,0.0,0.0,0.0,0.0,0.0,0.0,1.0
BREAD BYPRODUCT,0.68,0.2584,1.5392000000000001,1.3624,1.58,0.0408,0.0204,0.0204,0.00068,0.001224,0.00136,0.013600000000000001,0.013600000000000001,0.272,0.0,0.0,0.0,0.0,0.0,0.0,1.0
BREWERS GRAINS WET,0.23,0.1794,1.0524,0.9925999999999999,1.0639,0.2231,0.01725,0.0092,0.0006900000000000001,0.001334,0.00023,0.0483,0.0483,0.1794,1.0,1.0,1.0,0.0,0.0,0.0,0.0
BREWERS GRAINS DRIED,0.92,0.7268000000000001,1.6404,1.4012,1.6864,0.9660000000000001,0.069,0.0368,0.0027600000000000003,0.005336,0.00092,0.2208,0.2208,0.7176,1.0,1.0,1.0,0.0,0.0,0.0,0.0
BREWERS YEAST DRIED,0.94,0.45119999999999993,1.5514000000000001,1.307,1.589,0.028199999999999996,0.0094,0.0658,0.00094,0.014664,0.01692,0.0,0.0,0.38539999999999996,1.0,1.0,1.0,0.0,0.0,0.0,0.0
BROMEGRASS FRESH  IMMATURE,0.3,0.111,0.835,0.748,0.835,0.46499999999999997,0.012299999999999998,0.03,0.00135,0.00102,0.0069,0.099,0.099,0.06,1.0,1.0,1.0,0.0,0.0,0.0,0.0
BROMEGRASS HAY,0.89,0.3827,1.0395,0.7369,1.0395,2.136,0.02047,0.0801,0.0035600000000000002,0.002047,0.01691,0.3649,0.3649,0.1691,1.0,1.0,1.0,0.0,0.0,0.0,0.0
BROMEGRASS HAYLAGE,0.35,0.1295,0.7695,0.6575,0.7695,0.735,0.008749999999999999,0.027999999999999997,0.00133,0.00105,0.006999999999999999,0.154,0.154,0.06649999999999999,1.0,1.0,1.0,0.0,0.0,0.0,0.0
BUCKWHEAT GRAIN,0.88,0.1056,1.4276,1.19,1.4452,0.264,0.02464,0.0176,0.0009680000000000001,0.003168,0.0044,0.1496,0.1496,0.08800000000000001,0.0,0.0,0.0,1.0,1.0,0.0,1.0
BUTTERMILK DRIED,0.92,0.3128,1.7172,1.4780000000000002,1.7816,0.046000000000000006,0.046000000000000006,0.09200000000000001,0.013248,0.0092,0.008280000000000001,0.0,0.0,0.4048,0.0,0.0,0.0,1.0,1.0,0.0,1.0
"CACTUS, PRICKLY PEAR",0.23,0.011500000000000002,0.7525999999999999,0.6813,0.7525999999999999,0.1472,0.00483,0.0414,0.0092,0.00023,0.00345,0.046000000000000006,0.046000000000000006,0.0,1.0,1.0,1.0,0.0,0.0,0.0,0.0
CANARYGRASS HAY,0.91,0.3185,1.0123000000000002,0.6938,1.0123000000000002,2.1021,0.024570000000000005,0.0728,0.003458,0.002275,0.024570000000000005,0.3094,0.3094,0.1638,1.0,1.0,1.0,0.0,0.0,0.0,0.0
"CANOLA MEAL, SOLV. EXT.",0.9,0.639,1.3860000000000001,1.143,1.395,0.738,0.018000000000000002,0.07200000000000001,0.00666,0.010259999999999998,0.0099,0.171,0.171,0.6120000000000001,1.0,0.0,0.0,0.0,0.0,1.0,1.0
CARROT PULP,0.14,0.008400000000000001,0.7082,0.6662,0.7082,0.1148,0.010920000000000001,0.0126,0.0,0.0,0.0,0.032200000000000006,0.032200000000000006,0.0,1.0,1.0,0.0,0.0,0.0,0.0,0.0
CARROT ROOT FRESH,0.12,0.012,0.9331999999999999,0.9019999999999999,0.938,0.048,0.0016799999999999999,0.012,0.00066,0.000384,0.003,0.0132,0.0132,0.0,1.0,0.0,0.0,1.0,1.0,0.0,0.0
CARROT TOPS,0.16,0.020800000000000003,0.85,0.8068,0.8532,0.20320000000000002,0.00608,0.024,0.003104,0.000304,0.00304,0.0368,0.0368,0.0,1.0,1.0,1.0,0.0,0.0,0.0,0.0
CATTLE MANURE DRIED,0.92,0.138,0.7112,0.38,0.748,1.2144000000000001,0.023000000000000003,0.12880000000000003,0.01058,0.011040000000000001,0.005520000000000001,0.3864,0.3864,2.208,0.0,0.0,0.0,0.0,0.0,0.0,0.0
CHEATGRASS FRESH IMMATURE,0.21,0.0336,0.8249,0.7661,0.8270000000000001,0.0483,0.0056700000000000006,0.021,0.00126,0.0005880000000000001,0.0,0.0,0.0,0.0,1.0,1.0,0.0,0.0,0.0,0.0,0.0
CITRUS PULP DRIED,0.9,0.405,1.5,1.266,1.5270000000000001,0.783,0.026099999999999998,0.06300000000000001,0.016290000000000002,0.00108,0.007200000000000001,0.18000000000000002,0.18000000000000002,0.12600000000000003,1.0,0.0,0.0,0.0,1.0,0.0,0.0
CLOVER LADINO FRESH,0.19,0.0855,0.823,0.7716999999999999,0.8249,0.2337,0.00912,0.020900000000000002,0.0024129999999999998,0.000722,0.00456,0.0627,0.0627,0.038000000000000006,1.0,1.0,1.0,0.0,0.0,0.0,0.0
CLOVER LADINO HAY,0.9,0.41400000000000003,1.159,0.889,1.1680000000000001,1.6380000000000001,0.018000000000000002,0.081,0.012150000000000001,0.00288,0.0216,0.28800000000000003,0.28800000000000003,0.15300000000000002,1.0,1.0,1.0,0.0,1.0,0.0,0.0
CLOVER RED FRESH,0.24,0.0936,0.796,0.7264,0.796,0.3408,0.0096,0.021599999999999998,0.00408,0.0007199999999999999,0.0048,0.0792,0.0792,0.0552,1.0,1.0,1.0,0.0,0.0,0.0,0.0
CLOVER RED HAY,0.88,0.3784,1.034,0.7348,1.034,1.8656000000000001,0.022000000000000002,0.0704,0.0132,0.0022,0.014960000000000001,0.3432,0.3432,0.1496,1.0,1.0,1.0,0.0,0.0,0.0,0.0
CLOVER SWEET HAY,0.91,0.4186,1.0123000000000002,0.6938,1.0123000000000002,1.9110000000000003,0.021840000000000002,0.0819,0.011557,0.002275,0.016380000000000002,0.3458,0.3458,0.0,1.0,1.0,0.0,0.0,0.0,0.0,0.0
"COCONUT MEAL, MECH. EXT.",0.92,0.7084,1.4776,1.2384,1.5052,1.0395999999999999,0.06256,0.06440000000000001,0.00368,0.0027600000000000003,0.0092,0.1932,0.1932,0.0,0.0,0.0,0.0,0.0,0.0,0.0,1.0
COFFEE GROUNDS,0.88,0.1144,0.3408,0.2,0.5167999999999999,1.7247999999999999,0.132,0.0176,0.00088,0.0007040000000000001,0.0,0.5984,0.5984,0.0,0.0,0.0,0.0,0.0,0.0,0.0,0.0
CORN WHOLE PLANT PELLETED,0.91,0.49140000000000006,1.2124000000000001,0.9394,1.2124000000000001,0.8281000000000001,0.021840000000000002,0.0546,0.00455,0.0021839999999999997,0.008190000000000001,0.2184,0.2184,0.0,1.0,1.0,1.0,0.0,0.0,0.0,0.0
CORN FODDER,0.8,0.43200000000000005,1.178,0.946,1.178,1.616,0.019200000000000002,0.05600000000000001,0.004,0.002,0.0072000000000000015,0.23199999999999998,0.23199999999999998,0.0,1.0,1.0,1.0,1.0,1.0,1.0,1.0
CORN STOVER MATURE (STALKS),0.8,0.27999999999999997,0.9720000000000001,0.7000000000000001,0.9720000000000001,1.984,0.010400000000000001,0.05600000000000001,0.0036000000000000008,0.0012000000000000001,0.009600000000000001,0.34400000000000003,0.34400000000000003,0.17600000000000002,0.0,0.0,0.0,0.0,0.0,0.0,0.0
CORN SILAGE MILK STAGE,0.26,0.06760000000000001,0.8216,0.7462,0.8216,0.4472,0.007279999999999999,0.0156,0.0010400000000000001,0.000702,0.0041600000000000005,0.08320000000000001,0.08320000000000001,0.052000000000000005,1.0,0.0,0.0,0.0,0.0,0.0,0.0
CORN SILAGE MATURE WELL EARED,0.34,0.12240000000000001,0.9716,0.8797999999999999,0.975,0.5576,0.01054,0.017,0.0009520000000000002,0.000782,0.0037400000000000007,0.0918,0.0918,0.0748,1.0,1.0,1.0,0.0,0.0,0.0,0.0
CORN SILAGE SWEET CORN,0.24,0.0264,0.8084,0.7388,0.8084,0.40559999999999996,0.012,0.012,0.0005759999999999999,0.000624,0.0028799999999999997,0.0768,0.0768,0.0936,1.0,1.0,1.0,1.0,1.0,1.0,1.0
CORN GRAIN WHOLE,0.88,0.5896,1.6808,1.452,1.7424,0.6512,0.03784,0.0176,0.00017600000000000002,0.00264,0.00352,0.0264,0.0264,0.15839999999999999,1.0,0.0,0.0,0.0,0.0,0.0,1.0
CORN GRAIN ROLLED,0.88,0.5544,1.6808,1.452,1.7424,0.4224,0.03784,0.0176,0.00017600000000000002,0.00264,0.00352,0.0264,0.0264,0.15839999999999999,1.0,1.0,1.0,1.0,1.0,1.0,1.0
"CORN GRAIN, STEAM FLAKED",0.85,0.5780000000000001,1.7545000000000002,1.5335,1.814,0.459,0.03484999999999999,0.017,0.00017,0.002295,0.0034,0.0255,0.0255,0.153,1.0,0.0,0.0,0.0,0.0,0.0,0.0
CORN GRAIN HIGH MOISTURE,0.74,0.38480000000000003,1.6478000000000002,1.4554,1.6996000000000002,0.10360000000000001,0.0296,0.0148,0.000148,0.00222,0.00296,0.022199999999999998,0.022199999999999998,0.148,1.0,0.0,0.0,0.0,0.0,0.0,0.0
"CORN GRAIN, HIGH OIL",0.88,0.5456,1.746,1.5171999999999999,1.8076,0.6424,0.06072,0.0176,8.800000000000001e-05,0.00264,0.00264,0.0264,0.0264,0.15839999999999999,1.0,1.0,1.0,1.0,1.0,1.0,1.0
CORN GRAIN HI-LYSINE,0.92,0.644,1.698,1.4588,1.7532,0.7268000000000001,0.04048000000000001,0.0184,0.000276,0.002208,0.00368,0.0368,0.0368,0.1656,1.0,1.0,1.0,1.0,1.0,1.0,1.0
CORN AND COB MEAL,0.87,0.5307,1.5594999999999999,1.3333,1.5943,0.8874,0.03219,0.0174,0.000522,0.002349,0.00435,0.0957,0.0957,0.1392,1.0,1.0,1.0,1.0,1.0,1.0,1.0
CORN COBS,0.9,0.657,0.903,0.5609999999999999,0.9119999999999999,1.971,0.0054,0.018000000000000002,0.00108,0.00036,0.007200000000000001,0.35100000000000003,0.35100000000000003,0.045000000000000005,0.0,0.0,0.0,0.0,0.0,0.0,0.0
CORN SCREENINGS,0.86,0.5332,1.7269999999999999,1.5034,1.7872,0.3096,0.03698,0.0172,0.000344,0.0023220000000000003,0.00344,0.0344,0.0344,0.1376,1.0,1.0,1.0,1.0,1.0,1.0,1.0
CORN BRAN,0.91,0.10010000000000001,1.4698000000000002,1.2332,1.4971,0.7098000000000001,0.05733,0.0273,0.000364,0.0013650000000000001,0.00091,0.1547,0.1547,0.1638,1.0,1.0,1.0,1.0,1.0,1.0,1.0
"CORN GERM, FULL-FAT",0.97,0.6499,3.2706,2.902,3.2706,0.7081,0.43553,0.0194,0.000194,0.0027160000000000005,0.0009699999999999999,0.1067,0.1067,0.582,1.0,0.0,0.0,0.0,0.0,0.0,1.0
CORN GLUTEN FEED,0.9,0.423,1.5470000000000002,1.3040000000000003,1.574,0.855,0.028800000000000003,0.06300000000000001,0.00099,0.00756,0.011700000000000002,0.108,0.108,0.756,1.0,1.0,1.0,0.0,0.0,0.0,0.0
CORN GLUTEN MEAL 41% CP,0.91,0.9919000000000001,1.6508,1.4142000000000001,1.6963,0.6279,0.02912,0.0273,0.001183,0.005005000000000001,0.00182,0.0819,0.0819,0.3185,0.0,0.0,0.0,0.0,0.0,1.0,1.0
CORN GLUTEN MEAL 60% CP,0.91,1.2012,1.7363,1.4997,1.7909000000000002,0.3913,0.022750000000000003,0.0182,0.0005459999999999999,0.004914000000000001,0.00182,0.0546,0.0546,0.36400000000000005,0.0,0.0,0.0,0.0,0.0,1.0,1.0
CORN CANNERY WASTE,0.29,0.0667,0.8801,0.7989,0.883,0.35669999999999996,0.0087,0.014499999999999999,0.00029,0.0008409999999999998,0.0029,0.10439999999999999,0.10439999999999999,0.0725,0.0,0.0,0.0,0.0,0.0,0.0,0.0
"COTTONSEED, WHOLE",0.91,0.5551,1.8509,1.6143,1.9237000000000002,1.9201,0.17653999999999997,0.045500000000000006,0.001456,0.005824,0.0091,0.3367,0.3367,0.3094,1.0,1.0,1.0,0.0,0.0,0.0,0.0
"COTTONSEED, WHOLE, DELINTED",0.9,0.5670000000000001,1.841,1.607,1.913,1.683,0.20609999999999998,0.045000000000000005,0.00108,0.004860000000000001,0.0108,0.25200000000000006,0.25200000000000006,0.324,1.0,1.0,1.0,1.0,1.0,1.0,1.0
"COTTONSEED, WHOLE, EXTRUDED",0.92,0.6992,1.7072,1.4864000000000002,1.7716,1.4904000000000002,0.0874,0.046000000000000006,0.0015640000000000003,0.006256000000000001,0.011960000000000002,0.4048,0.4048,0.3496,1.0,1.0,1.0,1.0,1.0,1.0,1.0
COTTON GIN TRASH (BURRS),0.91,0.0819,0.784,0.42,0.8112999999999999,2.3205,0.0182,0.1274,0.01274,0.001638,0.01729,0.455,0.455,0.2275,0.0,0.0,0.0,0.0,0.0,0.0,0.0
COTTONSEED HULLS,0.9,0.45,0.8460000000000001,0.47700000000000004,0.855,2.745,0.016200000000000003,0.027,0.00135,0.00072,0.009000000000000001,0.63,0.63,0.09000000000000001,1.0,1.0,1.0,0.0,0.0,0.0,0.0
"COTTONSEED MEAL, SOLV. EXT. 41% CP",0.9,0.801,1.481,1.247,1.508,0.7110000000000001,0.0135,0.06300000000000001,0.00198,0.01107,0.014400000000000001,0.162,0.162,0.5940000000000001,0.0,0.0,0.0,0.0,0.0,0.0,1.0
"COTTONSEED MEAL, MECH.  EXT. 41% CP",0.92,0.8832,1.5352000000000001,1.2960000000000003,1.572,0.7912,0.046000000000000006,0.06440000000000001,0.001932,0.010856000000000001,0.01472,0.1748,0.1748,0.5888,1.0,1.0,1.0,1.0,1.0,1.0,1.0
CRAB WASTE MEAL,0.91,0.8827,0.563,0.29,0.6267,0.2184,0.0273,0.3913,0.1365,0.017107999999999998,0.00455,0.1183,0.1183,0.9737000000000001,0.0,0.0,0.0,0.0,0.0,0.0,0.0
"CRAMBE MEAL, SOLV. EXT.",0.91,0.6916,1.5744,1.3378,1.6108000000000002,1.183,0.01274,0.0728,0.011557,0.007826,0.010010000000000002,0.3185,0.3185,0.40040000000000003,0.0,0.0,0.0,0.0,0.0,0.0,0.0
"CRAMBE MEAL, MECH. EXT.",0.92,0.7176,1.7172,1.4780000000000002,1.7816,1.1408,0.1564,0.06440000000000001,0.011224,0.007176000000000001,0.0092,0.30360000000000004,0.30360000000000004,0.3772,0.0,0.0,0.0,0.0,0.0,0.0,0.0
CRANBERRY PULP MEAL,0.88,0.06160000000000001,0.9124,0.5868,0.9212,1.4080000000000001,0.13816,0.0176,0.0,0.0,0.0,0.41359999999999997,0.41359999999999997,0.0,1.0,1.0,1.0,1.0,1.0,1.0,1.0
CRAWFISH WASTE MEAL,0.94,1.0246,0.5226,0.25,0.5884,0.2538,0.0,0.3948,0.12314,0.00799,0.0,0.141,0.141,0.0,0.0,0.0,0.0,0.0,0.0,1.0,0.0
"DISTILLERS GRAINS, WET",0.25,0.2,1.135,1.07,1.15,0.175,0.024,0.0125,0.00025,0.0017499999999999998,0.0025,0.045,0.045,0.2375,1.0,0.0,0.0,0.0,0.0,0.0,0.0
"DISTILLERS GRAIN, BARLEY",0.9,0.774,1.443,1.2,1.461,0.756,0.07650000000000001,0.036000000000000004,0.00135,0.006030000000000001,0.009000000000000001,0.18000000000000002,0.18000000000000002,0.45,1.0,0.0,0.0,0.0,0.0,0.0,0.0
"DISTILLERS GRAIN, CORN, DRY",0.91,0.7917000000000001,1.9455,1.6724999999999999,2.0183,0.6097,0.09100000000000001,0.045500000000000006,0.000819,0.006825,0.008190000000000001,0.1456,0.1456,0.5915,1.0,0.0,0.0,0.0,0.0,0.0,0.0
"DISTILLERS GRAIN, CORN, WET",0.36,0.29879999999999995,1.3988,1.2872,1.424,0.2412,0.036,0.018,0.00032399999999999996,0.0026999999999999997,0.0032400000000000003,0.0576,0.0576,0.23399999999999999,1.0,0.0,0.0,0.0,0.0,0.0,0.0
"DISTILLERS GRAIN, CORN WITH SOLUBLES",0.89,0.7209000000000001,1.8967,1.6564,1.9679000000000002,0.5874,0.10591,0.053399999999999996,0.0008900000000000001,0.007476,0.008010000000000001,0.1424,0.1424,0.7565,1.0,0.0,0.0,0.0,0.0,0.0,1.0
DISTILLERS DRIED SOLUBLES,0.93,0.2697,1.707,1.4652,1.7628,0.3441,0.12090000000000001,0.07440000000000001,0.0032549999999999996,0.011160000000000002,0.01674,0.0651,0.0651,0.8463,0.0,0.0,0.0,0.0,0.0,0.0,1.0
DISTILLERS CORN STILLAGE,0.07,0.0539,0.9872000000000001,0.9690000000000001,0.9921000000000001,0.027300000000000005,0.0056700000000000006,0.0035000000000000005,9.800000000000002e-05,0.000504,0.00014000000000000001,0.007000000000000001,0.007000000000000001,0.042,0.0,0.0,0.0,0.0,0.0,0.0,0.0
"DISTILLERS GRAIN, SORGHUM, DRY",0.91,0.8644999999999999,1.6317,1.3951,1.6772,0.7371000000000001,0.09100000000000001,0.0364,0.00182,0.006188000000000001,0.0027300000000000002,0.18200000000000002,0.18200000000000002,0.455,1.0,1.0,1.0,0.0,0.0,0.0,0.0
"DISTILLERS GRAIN, SORGHUM, WET",0.35,0.308,1.1715,1.0805,1.1925,0.27649999999999997,0.034999999999999996,0.013999999999999999,0.0007,0.00238,0.00105,0.06649999999999999,0.06649999999999999,0.175,1.0,1.0,1.0,0.0,0.0,0.0,0.0
"DISTILLERS GRAIN, SORGHUM WITH SOLUBLES",0.92,0.7912,1.6596,1.4203999999999999,1.7056,0.6992,0.09200000000000001,0.0368,0.0021160000000000003,0.0064399999999999995,0.0046,0.1656,0.1656,0.5060000000000001,1.0,1.0,1.0,0.0,0.0,0.0,0.0
"ELEPHANT (NAPIER) GRASS HAY, CHOPPED",0.92,0.0828,1.0468000000000002,0.7432000000000001,1.056,2.0056000000000003,0.0184,0.09200000000000001,0.0032199999999999998,0.0027600000000000003,0.011960000000000002,0.4232,0.4232,0.0,1.0,1.0,1.0,0.0,0.0,0.0,0.0
"FAT, ANIMAL, POULTRY, VEGETABLE",0.99,0.0,4.7715,4.226999999999999,4.7715,0.0,0.9801,0.0,0.0,0.0,0.0,0.0,0.0,0.0,1.0,1.0,1.0,1.0,1.0,1.0,1.0
FEATHER MEAL HYDROLYZED,0.93,1.4415000000000002,1.3024,1.042,1.3117,0.7440000000000001,0.0651,0.0279,0.004464,0.004185,0.00093,0.1302,0.1302,0.8370000000000001,0.0,0.0,0.0,0.0,0.0,0.0,1.0
FESCUE KY 31 FRESH,0.29,0.10149999999999999,0.8285,0.7444,0.8285,0.4669,0.01595,0.026099999999999998,0.0013919999999999998,0.001073,0.0072499999999999995,0.0928,0.0928,0.0638,1.0,1.0,1.0,0.0,0.0,0.0,0.0
FESCUE KY 31 HAY EARLY BLOOM,0.88,0.35200000000000004,1.2308,0.9756,1.2308,1.9184,0.05808,0.0704,0.0042239999999999995,0.003168,0.02288,0.2728,0.2728,0.2112,1.0,1.0,1.0,0.0,0.0,0.0,0.0
FESCUE KY 31 HAY MATURE,0.88,0.36079999999999995,0.9688000000000001,0.6608,0.9776,2.1384000000000003,0.044000000000000004,0.0528,0.003960000000000001,0.002288,0.014960000000000001,0.3696,0.3696,0.1936,1.0,1.0,1.0,0.0,0.0,0.0,0.0
FESCUE (RED) STRAW,0.94,0.0376,0.8153999999999999,0.43,0.8435999999999999,0.38539999999999996,0.01034,0.05639999999999999,0.0,0.0005639999999999999,0.0,0.0,0.0,0.0,0.0,0.0,0.0,0.0,0.0,0.0,0.0
FISH MEAL,0.9,1.1340000000000001,1.424,1.181,1.4420000000000002,0.225,0.081,0.18000000000000002,0.04995,0.02835,0.006299999999999999,0.018000000000000002,0.018000000000000002,1.1700000000000002,1.0,1.0,1.0,1.0,1.0,1.0,1.0
FLAX SEED HULLS,0.91,0.0819,0.7076,0.38,0.744,1.9929000000000001,0.01365,0.09100000000000001,0.0,0.0,0.0,0.35490000000000005,0.35490000000000005,0.0,0.0,0.0,0.0,0.0,0.0,0.0,0.0
GARBAGE MUNICIPAL COOKED,0.23,0.0368,0.9909,0.9288000000000001,0.9978,0.34040000000000004,0.046000000000000006,0.023000000000000003,0.0027600000000000003,0.000989,0.0013800000000000002,0.115,0.115,0.0,0.0,0.0,0.0,0.0,0.0,0.0,0.0
GLYCEROL (GLYCERIN),0.88,0.0,1.7271999999999998,1.4984000000000002,1.78,0.0,0.0,0.0528,0.0,0.0,0.0,0.0,0.0,0.0,0.0,0.0,0.0,0.0,0.0,0.0,0.0
GRAIN SCREENINGS,0.9,0.12600000000000003,1.2440000000000002,0.9830000000000001,1.2440000000000002,0.12600000000000003,0.0495,0.081,0.0022500000000000003,0.0030600000000000002,0.0,0.0,0.0,0.27,1.0,1.0,1.0,1.0,1.0,1.0,1.0
GRAIN DUST,0.92,0.09200000000000001,1.42,1.1716,1.4384000000000001,0.1012,0.020240000000000005,0.09200000000000001,0.0027600000000000003,0.001656,0.0,0.0,0.0,0.3864,0.0,0.0,0.0,0.0,0.0,0.0,0.0
GRAPE POMACE STEMLESS,0.91,0.5186999999999999,0.7458,0.4,0.7822,1.5106,0.06916,0.0819,0.005005000000000001,0.0006370000000000001,0.0054600000000000004,0.4186,0.4186,0.2184,1.0,1.0,1.0,1.0,1.0,1.0,1.0
GRASS HAY,0.88,0.35200000000000004,1.0903999999999998,0.8088,1.0903999999999998,2.068,0.0264,0.0528,0.00528,0.0018479999999999998,0.0176,0.36079999999999995,0.36079999999999995,0.24640000000000004,1.0,1.0,1.0,0.0,0.0,0.0,0.0
GRASS SILAGE,0.3,0.105,0.7929999999999999,0.703,0.796,0.576,0.0102,0.024,0.0021,0.0007199999999999999,0.0063,0.11699999999999999,0.11699999999999999,0.087,1.0,1.0,1.0,0.0,0.0,0.0,0.0
GUAR MEAL,0.9,0.657,1.3860000000000001,1.143,1.395,0.14400000000000002,0.0351,0.045000000000000005,0.0,0.0,0.0,0.0,0.0,0.0,1.0,1.0,1.0,1.0,1.0,1.0,1.0
HOMINY FEED,0.9,0.531,1.727,1.493,1.7810000000000001,0.387,0.0585,0.027,0.00036,0.00495,0.0054,0.07200000000000001,0.07200000000000001,0.28800000000000003,1.0,1.0,1.0,0.0,0.0,0.0,0.0
HOP LEAVES,0.37,0.0555,0.6676,0.5307,0.6713,0.0555,0.013320000000000002,0.1295,0.01036,0.002368,0.0,0.0,0.0,0.0,1.0,1.0,1.0,0.0,1.0,0.0,0.0
HOP VINE SILAGE,0.3,0.045,0.6890000000000001,0.5840000000000001,0.6890000000000001,0.135,0.0093,0.06,0.0099,0.00111,0.0054,0.072,0.072,0.132,0.0,0.0,0.0,0.0,0.0,0.0,0.0
HOPS SPENT,0.89,0.20470000000000002,0.6436999999999999,0.35,0.6971,0.49840000000000007,0.04094,0.06230000000000001,0.014240000000000001,0.00534,0.0,0.267,0.267,0.0,0.0,0.0,0.0,0.0,0.0,0.0,0.0
KELP DRIED,0.91,0.0637,0.5839,0.32,0.6658,0.1547,0.00455,0.35490000000000005,0.024752000000000003,0.002821,0.0,0.09100000000000001,0.09100000000000001,0.0,1.0,1.0,1.0,0.0,0.0,0.0,0.0
KENAF HAY,0.92,0.09200000000000001,0.9124,0.5628,0.9216,2.1068000000000002,0.02668,0.1104,0.0,0.0,0.0,0.4048,0.4048,0.0,1.0,1.0,1.0,0.0,0.0,0.0,0.0
KOCHIA FRESH,0.29,0.0464,0.7095,0.6109,0.7095,0.0667,0.00348,0.052199999999999996,0.00319,0.00087,0.0,0.0,0.0,0.0,0.0,0.0,0.0,0.0,0.0,0.0,0.0
KOCHIA HAY,0.9,0.12600000000000003,1.0070000000000001,0.6920000000000001,1.0070000000000001,0.24300000000000002,0.015300000000000001,0.12600000000000003,0.009000000000000001,0.0018000000000000002,0.0,0.0,0.0,0.0,1.0,1.0,1.0,0.0,0.0,0.0,0.0
KUDZU HAY,0.9,0.14400000000000002,1.026,0.7200000000000001,1.026,0.29700000000000004,0.023400000000000004,0.06300000000000001,0.027,0.0020700000000000002,0.0,0.0,0.0,0.0,1.0,1.0,1.0,0.0,0.0,0.0,0.0
LESPEDEZA FRESH EARLY BLOOM,0.25,0.165,0.75,0.6749999999999999,0.75,0.08,0.005,0.025,0.003,0.0006,0.0027500000000000003,0.0,0.0,0.0,1.0,1.0,1.0,0.0,0.0,0.0,0.0
LESPEDEZA HAY,0.92,0.6808000000000001,1.0368000000000002,0.7240000000000001,1.0368000000000002,0.276,0.0276,0.06440000000000001,0.010120000000000002,0.002024,0.0092,0.0,0.0,0.2668,1.0,1.0,1.0,0.0,0.0,0.0,0.0
"LINSEED MEAL, SOLV. EXT.",0.91,0.6734,1.4889000000000001,1.2523,1.5162,0.6916,0.015470000000000001,0.0546,0.003913,0.008281,0.01365,0.1638,0.1638,0.546,1.0,1.0,1.0,1.0,1.0,1.0,1.0
"LINSEED MEAL, MECH. EXT.",0.91,0.7007,1.5935,1.3569,1.6299000000000001,0.6734,0.0546,0.0546,0.003822,0.008190000000000001,0.01274,0.1547,0.1547,0.5369,1.0,1.0,1.0,1.0,1.0,1.0,1.0
MEADOW HAY,0.9,0.27,0.9410000000000001,0.608,0.95,2.205,0.022500000000000003,0.081,0.00549,0.00162,0.014400000000000001,0.396,0.396,0.216,1.0,1.0,1.0,0.0,1.0,0.0,0.0
"MEAT MEAL, SWINE/POULTRY",0.93,1.116,1.3889,1.1378,1.3982,0.5301,0.09765,0.2232,0.0837,0.041106,0.0046500000000000005,0.0651,0.0651,1.767,1.0,1.0,1.0,1.0,1.0,1.0,1.0
"MEAT AND BONE MEAL, SWINE/POULTRY",0.93,0.7440000000000001,1.4082,1.1571,1.4175,0.37200000000000005,0.09300000000000001,0.2697,0.12555000000000002,0.060450000000000004,0.0,0.04650000000000001,0.04650000000000001,0.0,1.0,1.0,1.0,1.0,1.0,1.0,1.0
"MILK, DRY, SKIM",0.94,0.3384,1.716,1.4716,1.7723999999999998,0.0,0.00846,0.0752,0.012784,0.010246,0.01598,0.0,0.0,0.38539999999999996,0.0,0.0,0.0,0.0,0.0,0.0,0.0
MINT SLUG SILAGE,0.27,0.03780000000000001,0.6985000000000001,0.6067,0.6985000000000001,0.0648,0.004860000000000001,0.0432,0.0029700000000000004,0.001539,0.0,0.0,0.0,0.0,0.0,0.0,0.0,0.0,0.0,0.0,0.0
MOLASSES BEET,0.77,0.0616,1.3429,1.135,1.3583,0.0,0.0015400000000000001,0.0924,0.0010780000000000002,0.00023099999999999998,0.0462,0.0,0.0,0.1386,1.0,1.0,1.0,1.0,1.0,1.0,1.0
MOLASSES CANE,0.77,0.0462,1.3252000000000002,1.1173,1.3406,0.0,0.00385,0.1078,0.007315,0.000693,0.03234,0.0,0.0,0.11549999999999999,1.0,1.0,1.0,1.0,1.0,1.0,1.0
MOLASSES CANE DRIED,0.94,0.0846,1.4544,1.2006,1.4731999999999998,0.11279999999999998,0.00282,0.1316,0.01034,0.00141,0.03384,0.028199999999999996,0.028199999999999996,0.282,1.0,1.0,1.0,1.0,1.0,1.0,1.0
"MOLASSES, COND.  ",0.43,0.0688,0.9909999999999999,0.8748999999999999,0.9952999999999999,0.0,0.0043,0.1118,0.009115999999999999,0.0006020000000000001,0.03225,0.0,0.0,0.129,1.0,1.0,1.0,1.0,1.0,1.0,1.0
MOLASSES CITRUS,0.65,0.058499999999999996,1.2505000000000002,1.075,1.2635,0.0,0.0019500000000000001,0.052000000000000005,0.01196,0.0009750000000000001,0.0013000000000000002,0.0,0.0,0.8905000000000001,1.0,1.0,1.0,1.0,1.0,1.0,1.0
"MOLASSES WOOD,  HEMICELLULOSE",0.61,0.0061,1.1331,0.9683999999999999,1.1453,0.0427,0.00366,0.0427,0.006710000000000001,0.00061,0.00061,0.0122,0.0122,0.0,0.0,0.0,0.0,0.0,0.0,0.0,0.0
OAT HAY,0.9,0.315,1.026,0.7200000000000001,1.026,2.079,0.0207,0.07200000000000001,0.0036000000000000003,0.0024300000000000003,0.014400000000000001,0.35100000000000003,0.35100000000000003,0.25200000000000006,1.0,1.0,1.0,0.0,1.0,0.0,0.0
OAT SILAGE,0.35,0.11549999999999999,0.8099999999999999,0.705,0.8099999999999999,0.6649999999999999,0.0112,0.034999999999999996,0.00119,0.00105,0.0084,0.13649999999999998,0.13649999999999998,0.0945,0.0,0.0,0.0,0.0,0.0,0.0,0.0
OAT STRAW,0.91,0.40040000000000003,0.9077,0.5619,0.9168000000000001,2.366,0.02093,0.0728,0.0021839999999999997,0.0006370000000000001,0.022750000000000003,0.4368,0.4368,0.0546,1.0,1.0,1.0,0.0,1.0,0.0,0.0
OAT GRAIN,0.89,0.2759,1.4542000000000002,1.2228,1.4809,0.7832,0.044500000000000005,0.0356,0.00044500000000000003,0.0036489999999999995,0.00445,0.1335,0.1335,0.35600000000000004,0.0,0.0,0.0,1.0,0.0,0.0,1.0
"OAT GRAIN, STEAM FLAKED",0.84,0.3276,1.6444,1.4260000000000002,1.7031999999999998,0.7392,0.04116,0.0336,0.00042,0.003108,0.0042,0.126,0.126,0.336,0.0,0.0,0.0,0.0,1.0,0.0,1.0
OAT GROATS,0.91,0.3003,1.7745,1.5379,1.8382,0.0273,0.06006,0.0182,0.000728,0.0042769999999999996,0.00364,0.0,0.0,0.0,0.0,0.0,0.0,1.0,0.0,0.0,1.0
OAT MIDDLINGS,0.9,0.324,1.7650000000000001,1.5310000000000001,1.828,0.09000000000000001,0.054,0.027,0.0006300000000000001,0.00432,0.0045000000000000005,0.054,0.054,0.0,1.0,0.0,0.0,0.0,0.0,0.0,0.0
OAT MILL BYPRODUCT,0.89,0.06230000000000001,0.597,0.33,0.6682,0.5696,0.02136,0.053399999999999996,0.001157,0.001958,0.00534,0.3293,0.3293,0.0,1.0,0.0,0.0,0.0,0.0,0.0,0.0
OAT HULLS,0.93,0.2697,0.7148,0.38,0.752,2.2227,0.01488,0.0651,0.0014880000000000002,0.0013950000000000002,0.005580000000000001,0.3813,0.3813,0.2883,1.0,1.0,0.0,0.0,0.0,0.0,0.0
ORANGE PULP DRIED,0.89,0.0801,1.5109000000000001,1.2795,1.5465,0.6942,0.016020000000000003,0.0356,0.006319,0.000979,0.00534,0.1424,0.1424,0.0,1.0,1.0,0.0,0.0,0.0,0.0,0.0
ORCHARDGRASS FRESH EARLY BLOOM,0.24,0.08879999999999999,0.8084,0.7388,0.8084,0.3768,0.0096,0.021599999999999998,0.000792,0.000936,0.0064800000000000005,0.0768,0.0768,0.05039999999999999,1.0,1.0,0.0,0.0,1.0,0.0,0.0
ORCHARDGRASS HAY,0.88,0.3256,1.1092,0.8364,1.1092,2.1032,0.02904,0.0704,0.0028160000000000004,0.00264,0.02288,0.35200000000000004,0.35200000000000004,0.2288,1.0,1.0,0.0,0.0,1.0,0.0,0.0
PEA VINE HAY,0.89,0.0979,1.1151,0.8392,1.1151,2.1004,0.0178,0.06230000000000001,0.011125000000000001,0.002136,0.01157,0.445,0.445,0.17800000000000002,1.0,1.0,0.0,0.0,1.0,0.0,0.0
PEA VINE SILAGE,0.25,0.04,0.725,0.645,0.725,0.4725,0.00825,0.02,0.003125,0.0007000000000000001,0.004,0.11,0.11,0.08,1.0,1.0,0.0,0.0,1.0,0.0,0.0
PEA VINE STRAW,0.89,0.06230000000000001,0.9550000000000001,0.6346,0.9639,2.314,0.012459999999999999,0.06230000000000001,0.0066749999999999995,0.001157,0.009790000000000002,0.4361,0.4361,0.0,1.0,1.0,0.0,0.0,1.0,0.0,0.0
PEAS CULL,0.88,0.396,1.6244,1.3956,1.6684,0.24640000000000004,0.01232,0.0352,0.0012320000000000002,0.004048,0.009680000000000001,0.07919999999999999,0.07919999999999999,0.264,1.0,0.0,0.0,1.0,0.0,0.0,1.0
PEANUT HULLS,0.91,0.0637,0.38380000000000003,0.22,0.5476,2.73,0.01365,0.045500000000000006,0.00182,0.0006370000000000001,0.008190000000000001,0.5915,0.5915,0.0,1.0,0.0,1.0,1.0,0.0,0.0,0.0
"PEANUT MEAL, SOLV. EXT.",0.91,0.7098000000000001,1.4889000000000001,1.2523,1.5162,0.6825,0.022750000000000003,0.0546,0.002366,0.005642,0.010010000000000002,0.1456,0.1456,0.3458,1.0,0.0,0.0,0.0,0.0,1.0,1.0
PEARL MILLET GRAIN,0.87,0.1131,1.5594999999999999,1.3333,1.5943,0.522,0.03915,0.026099999999999998,0.000261,0.003132,0.00435,0.052199999999999996,0.052199999999999996,0.0,1.0,1.0,0.0,0.0,0.0,0.0,1.0
PINEAPPLE GREENCHOP,0.17,0.013600000000000001,0.5482,0.4819,0.5498999999999999,0.2788,0.00408,0.011900000000000003,0.0004760000000000001,0.00013600000000000003,0.0,0.0595,0.0595,0.0,1.0,1.0,0.0,0.0,1.0,0.0,0.0
PINEAPPLE BRAN,0.89,0.044500000000000005,1.3597,1.1194,1.3685999999999998,1.2370999999999999,0.013349999999999999,0.026699999999999998,0.002314,0.001068,0.0,0.2937,0.2937,0.0,1.0,0.0,0.0,1.0,0.0,0.0,1.0
PINEAPPLE PRESSCAKE,0.21,0.0105,0.8633,0.8066,0.8654,0.31079999999999997,0.00168,0.006299999999999999,0.000525,0.00018899999999999999,0.0,0.0735,0.0735,0.0,1.0,0.0,0.0,1.0,0.0,0.0,1.0
POTATO VINE SILAGE,0.15,0.0225,0.6785,0.632,0.6785,0.039,0.00555,0.028499999999999998,0.00315,0.00043499999999999995,0.006,0.0,0.0,0.0,1.0,1.0,1.0,0.0,0.0,0.0,0.0
POTATOES CULL,0.21,0.021,0.9743,0.9176000000000001,0.9806,0.0189,0.00084,0.0105,6.299999999999999e-05,0.0005039999999999999,0.00462,0.006299999999999999,0.006299999999999999,0.0,1.0,0.0,0.0,1.0,0.0,0.0,1.0
POTATO WASTE WET,0.14,0.009800000000000001,0.939,0.9026,0.9446,0.053200000000000004,0.0021000000000000003,0.004200000000000001,0.00022400000000000002,0.00035000000000000005,0.0016800000000000003,0.015400000000000002,0.015400000000000002,0.016800000000000002,1.0,0.0,0.0,1.0,0.0,0.0,1.0
POTATO WASTE DRIED,0.89,0.0712,1.6332,1.4018,1.6777000000000002,0.2759,0.00445,0.044500000000000005,0.0014240000000000001,0.002225,0.01068,0.0801,0.0801,0.10679999999999999,1.0,1.0,0.0,0.0,0.0,0.0,0.0
POTATO WASTE WET WITH LIME,0.17,0.0085,0.9411,0.8952000000000001,0.9462,0.0646,0.00051,0.015300000000000001,0.007140000000000001,0.000306,0.0,0.0204,0.0204,0.0,1.0,1.0,1.0,1.0,1.0,1.0,1.0
POTATO WASTE FILTER CAKE,0.14,0.007000000000000001,0.8806,0.8442000000000001,0.8848,0.0028000000000000004,0.010780000000000001,0.004200000000000001,0.00014000000000000001,0.000266,0.00028000000000000003,0.0,0.0,0.0,1.0,1.0,1.0,1.0,1.0,1.0,1.0
POULTRY BYPRODUCT MEAL,0.93,1.0323000000000002,1.5433000000000001,1.3015,1.5805,0.018600000000000002,0.13485,0.15810000000000002,0.037200000000000004,0.020925,0.0046500000000000005,0.0,0.0,1.1997,0.0,0.0,0.0,0.0,0.0,0.0,1.0
POULTRY MANURE DRIED,0.89,0.445,0.7004,0.38,0.736,0.5607,0.018690000000000002,0.2937,0.09078,0.024919999999999998,0.02047,0.1335,0.1335,4.628,1.0,0.0,0.0,1.0,0.0,0.0,1.0
PRAIRIE HAY,0.91,0.40040000000000003,0.9459,0.6092,0.9550000000000001,2.2386,0.0182,0.0728,0.00364,0.0013650000000000001,0.010010000000000002,0.42769999999999997,0.42769999999999997,0.3094,1.0,1.0,0.0,0.0,1.0,0.0,0.0
"PUMPKINS, CULL",0.11,0.0165,0.8913,0.8616,0.8946000000000001,0.07150000000000001,0.009790000000000002,0.009899999999999999,0.00026399999999999997,0.000473,0.00363,0.0231,0.0231,0.0,1.0,0.0,0.0,1.0,0.0,0.0,1.0
RICE STRAW,0.91,0.0364,0.7458,0.4,0.7822,2.3387,0.01274,0.1183,0.0020930000000000002,0.000728,0.010920000000000001,0.42769999999999997,0.42769999999999997,0.0,1.0,1.0,0.0,0.0,1.0,0.0,0.0
RICE STRAW AMMONIATED,0.87,0.0783,0.8328,0.4761,0.8415,2.262,0.01131,0.10439999999999999,0.002175,0.000696,0.00957,0.4611,0.4611,0.0,1.0,1.0,0.0,0.0,1.0,0.0,0.0
RICE GRAIN,0.89,0.3382,1.5109000000000001,1.2795,1.5465,0.6408,0.01691,0.044500000000000005,0.0006230000000000001,0.0028480000000000003,0.0035600000000000002,0.10679999999999999,0.10679999999999999,0.15130000000000002,1.0,1.0,0.0,0.0,0.0,0.0,1.0
RICE POLISHINGS,0.9,0.12600000000000003,1.746,1.512,1.8,0.081,0.12600000000000003,0.081,0.00045000000000000004,0.012060000000000001,0.0108,0.045000000000000005,0.045000000000000005,0.25200000000000006,1.0,0.0,0.0,1.0,0.0,0.0,1.0
RICE BRAN,0.91,0.40040000000000003,1.3742999999999999,1.1286,1.3834,0.5005000000000001,0.1456,0.10010000000000001,0.0006370000000000001,0.015470000000000001,0.016380000000000002,0.1638,0.1638,0.36400000000000005,1.0,0.0,0.0,1.0,0.0,0.0,1.0
RICE HULLS,0.92,0.4416,0.2036,0.13,0.452,2.6220000000000003,0.008280000000000001,0.18400000000000002,0.001104,0.0006440000000000001,0.0046,0.644,0.644,0.2208,1.0,1.0,0.0,0.0,0.0,0.0,0.0
RICE MILL BYPRODUCT,0.91,0.0637,0.7267,0.39,0.7631,1.2922,0.051870000000000006,0.1729,0.002275,0.0043679999999999995,0.020020000000000003,0.455,0.455,0.2821,1.0,0.0,0.0,1.0,0.0,0.0,1.0
RYE GRASS HAY,0.9,0.36000000000000004,1.1019999999999999,0.814,1.1019999999999999,2.106,0.0297,0.07200000000000001,0.004050000000000001,0.0027,0.0198,0.342,0.342,0.24300000000000002,1.0,1.0,0.0,1.0,0.0,0.0,0.0
RYE GRASS SILAGE,0.32,0.12480000000000001,0.7787999999999999,0.6796,0.7787999999999999,0.5728,0.01056,0.0256,0.001376,0.001216,0.00928,0.1184,0.1184,0.0928,1.0,1.0,0.0,0.0,1.0,0.0,0.0
RYE STRAW,0.89,0.0356,0.8227,0.4489,0.8316,2.403,0.013349999999999999,0.053399999999999996,0.002136,0.000801,0.0089,0.48950000000000005,0.48950000000000005,0.0,1.0,1.0,0.0,0.0,1.0,0.0,0.0
RYE GRAIN,0.89,0.30260000000000004,1.5387,1.2984,1.5654,0.5785,0.022250000000000002,0.026699999999999998,0.0006230000000000001,0.004895000000000001,0.00445,0.0801,0.0801,0.2937,1.0,1.0,0.0,0.0,0.0,0.0,1.0
"SAFFLOWER MEAL, SOLV. EXT.",0.91,0.2184,1.0696,0.7693000000000001,1.0696,1.5197,0.011830000000000002,0.0546,0.003185,0.007189000000000001,0.008190000000000001,0.3731,0.3731,0.5915,1.0,0.0,0.0,0.0,0.0,1.0,1.0
"SAFFLOWER MEAL DEHULLED, SOLV. EXT.",0.91,0.42769999999999997,1.4506999999999999,1.205,1.4689,0.8008000000000001,0.00728,0.0637,0.003458,0.01365,0.010920000000000001,0.18200000000000002,0.18200000000000002,0.3276,1.0,0.0,0.0,0.0,0.0,1.0,1.0
SAFFLOWER HULLS,0.91,0.0364,0.4494,0.14,0.4585,2.9211,0.033670000000000005,0.0182,0.0,0.0,0.0,0.6643,0.6643,0.0,1.0,0.0,0.0,1.0,0.0,0.0,1.0
SAGEBRUSH FRESH,0.5,0.065,0.745,0.56,0.75,0.465,0.046,0.05,0.005,0.00125,0.0,0.15,0.15,0.0,1.0,1.0,0.0,0.0,1.0,0.0,0.0
WHEAT GRAIN,0.89,0.3293,1.6899000000000002,1.4585,1.7522,0.1691,0.02047,0.0178,0.00044500000000000003,0.003827,0.0035600000000000002,0.0356,0.0356,0.35600000000000004,1.0,1.0,0.0,0.0,0.0,0.0,1.0
WHEAT GRAIN HARD,0.89,0.37379999999999997,1.6899000000000002,1.4585,1.7522,0.20470000000000002,0.0178,0.0178,0.00044500000000000003,0.003827,0.00445,0.053399999999999996,0.053399999999999996,0.4005,1.0,1.0,0.0,0.0,0.0,0.0,1.0
SANFOIN HAY,0.88,0.6512,1.1556,0.8828,1.1556,0.2112,0.02728,0.07919999999999999,0.0,0.0,0.0,0.0,0.0,0.0,1.0,1.0,0.0,0.0,1.0,0.0,0.0
SHRIMP WASTE MEAL,0.9,0.9900000000000001,0.903,0.5609999999999999,0.9119999999999999,0.099,0.0495,0.225,0.07650000000000001,0.015750000000000004,0.0,0.0,0.0,0.0,1.0,0.0,0.0,1.0,0.0,0.0,1.0
SORGHUM STOVER,0.87,0.043500000000000004,1.0098,0.7140000000000001,1.0098,2.0793,0.01566,0.08700000000000001,0.00435,0.001044,0.01044,0.35669999999999996,0.35669999999999996,0.0,1.0,1.0,0.0,0.0,0.0,0.0,0.0
SORGHUM SILAGE,0.32,0.10880000000000001,0.7787999999999999,0.6796,0.7787999999999999,0.6208,0.008640000000000002,0.0192,0.0015359999999999998,0.000672,0.00544,0.1216,0.1216,0.096,1.0,1.0,0.0,0.0,1.0,0.0,0.0
SORGHUM GRAIN (MILO) GROUND,0.89,0.5874,1.5764999999999998,1.3451,1.6120999999999999,0.2581,0.02759,0.0178,0.00035600000000000003,0.0028480000000000003,0.0035600000000000002,0.053399999999999996,0.053399999999999996,0.1602,1.0,1.0,0.0,0.0,0.0,0.0,1.0
SORHUM GRAIN (MILO) FLAKED,0.82,0.5985999999999999,1.6707999999999998,1.4576,1.72,0.5084,0.025419999999999998,0.016399999999999998,0.000328,0.0022960000000000003,0.00328,0.049199999999999994,0.049199999999999994,0.14759999999999998,1.0,1.0,0.0,0.0,0.0,0.0,1.0
SOYBEAN HAY,0.89,0.1424,0.9739,0.6624,0.9828000000000001,1.9580000000000002,0.031150000000000004,0.0712,0.011392000000000001,0.002581,0.0089,0.35600000000000004,0.35600000000000004,0.21359999999999998,1.0,1.0,0.0,0.0,1.0,0.0,0.0
SOYBEAN STRAW,0.88,0.044000000000000004,0.772,0.42,0.7984,2.3584,0.01232,0.0528,0.013992000000000001,0.0005279999999999999,0.00528,0.4752,0.4752,0.0,1.0,1.0,0.0,0.0,0.0,0.0,0.0
SOYBEANS WHOLE,0.88,0.6072,1.7648000000000001,1.536,1.8264,1.1792,0.16544,0.044000000000000004,0.002376,0.005632000000000001,0.01672,0.0968,0.0968,0.49280000000000007,1.0,0.0,0.0,1.0,0.0,0.0,1.0
"SOYBEANS WHOLE, EXTRUDED",0.88,0.66,1.7836,1.5548000000000002,1.8452000000000002,1.1880000000000002,0.16544,0.044000000000000004,0.002376,0.005632000000000001,0.0176,0.0968,0.0968,0.49280000000000007,0.0,0.0,0.0,0.0,0.0,1.0,0.0
"SOYBEANS WHOLE, ROASTED",0.88,0.7744,1.7836,1.5548000000000002,1.8452000000000002,1.1880000000000002,0.16544,0.044000000000000004,0.002376,0.005632000000000001,0.0176,0.0968,0.0968,0.49280000000000007,1.0,0.0,0.0,1.0,0.0,0.0,1.0
SOYBEAN HULLS,0.9,0.369,1.481,1.238,1.508,1.593,0.0207,0.045000000000000005,0.0054,0.00171,0.011700000000000002,0.432,0.432,0.342,1.0,0.0,0.0,1.0,0.0,0.0,1.0
"SOYBEAN MEAL, SOLV.  EXT. 44% CP",0.9,0.756,1.623,1.389,1.6680000000000001,0.49500000000000005,0.0135,0.06300000000000001,0.00324,0.006299999999999999,0.0198,0.09000000000000001,0.09000000000000001,0.558,1.0,0.0,0.0,1.0,0.0,0.0,1.0
"SOYBEAN MEAL, SOLV.  EXT. 49% CP",0.9,0.81,1.6800000000000002,1.4460000000000002,1.734,0.378,0.0099,0.054,0.0025200000000000005,0.00639,0.0198,0.054,0.054,0.549,1.0,0.0,0.0,0.0,0.0,1.0,1.0
SOYBEAN MILL FEED,0.9,0.135,0.9410000000000001,0.608,0.95,0.738,0.0171,0.054,0.0041400000000000005,0.00171,0.015300000000000001,0.41400000000000003,0.41400000000000003,0.0,1.0,0.0,0.0,1.0,0.0,0.0,1.0
SPELT GRAIN,0.88,0.35200000000000004,1.4276,1.19,1.4452,0.7215999999999999,0.01848,0.0352,0.00035200000000000005,0.00352,0.00352,0.1496,0.1496,0.41359999999999997,1.0,1.0,0.0,0.0,0.0,0.0,1.0
SUDANGRASS FRESH IMMATURE,0.18,0.030600000000000002,0.8278,0.7791999999999999,0.8313999999999999,0.26639999999999997,0.007019999999999999,0.0162,0.000828,0.0006479999999999999,0.0036,0.052199999999999996,0.052199999999999996,0.043199999999999995,1.0,1.0,0.0,0.0,1.0,0.0,0.0
SUDANGRASS HAY,0.88,0.3432,1.0715999999999999,0.7899999999999999,1.0715999999999999,2.1471999999999998,0.015840000000000003,0.08800000000000001,0.0044,0.0019360000000000002,0.019360000000000002,0.3784,0.3784,0.2288,1.0,1.0,0.0,0.0,1.0,0.0,0.0
SUDANGRASS SILAGE,0.31,0.1178,0.7597999999999999,0.6606,0.7597999999999999,0.6107,0.00961,0.031,0.001798,0.0008370000000000001,0.00744,0.13019999999999998,0.13019999999999998,0.0899,1.0,1.0,0.0,0.0,1.0,0.0,0.0
"SUNFLOWER MEAL, SOLV. EXT.",0.92,0.6164000000000001,1.2572,0.9904000000000001,1.2572,0.9108,0.025759999999999998,0.0736,0.004048,0.008924000000000001,0.010120000000000002,0.2024,0.2024,0.5060000000000001,1.0,0.0,0.0,0.0,0.0,1.0,0.0
SUNFLOWER MEAL WITH HULLS,0.91,0.6006,1.0886999999999998,0.7975,1.0886999999999998,1.274,0.021840000000000002,0.0637,0.00364,0.009373000000000001,0.0091,0.2912,0.2912,0.7735,1.0,0.0,0.0,1.0,0.0,0.0,1.0
SUNFLOWER SEED HULLS,0.9,0.621,0.742,0.4,0.778,2.502,0.0198,0.027,0.0,0.00099,0.0018000000000000002,0.5670000000000001,0.5670000000000001,1.8,1.0,1.0,0.0,0.0,0.0,0.0,0.0
SUGAR CANE BAGASSE,0.91,0.0091,0.7267,0.39,0.7631,2.6845000000000003,0.0054600000000000004,0.0364,0.008190000000000001,0.002639,0.00455,0.546,0.546,0.0,1.0,1.0,0.0,1.0,0.0,0.0,0.0
"TAPIOCA MEAL, CASSAVA BY-PRODUCT",0.89,0.0089,1.5764999999999998,1.3451,1.6120999999999999,0.4183,0.0071200000000000005,0.026699999999999998,0.000267,0.00044500000000000003,0.0,0.0712,0.0712,0.0,1.0,0.0,0.0,1.0,0.0,0.0,1.0
TIMOTHY FRESH PRE-BLOOM,0.26,0.0806,0.809,0.7336,0.809,0.4342,0.00988,0.0182,0.0010400000000000001,0.0007280000000000001,0.00494,0.0936,0.0936,0.0728,1.0,1.0,0.0,0.0,1.0,0.0,0.0
TIMOTHY HAY EARLY BLOOM,0.88,0.2904,1.1092,0.8364,1.1092,2.0416,0.023760000000000003,0.0528,0.005104,0.002288,0.01672,0.3432,0.3432,0.264,1.0,1.0,0.0,0.0,1.0,0.0,0.0
TIMOTHY HAY FULL BLOOM,0.88,0.33440000000000003,1.0715999999999999,0.7899999999999999,1.0715999999999999,2.0856,0.02288,0.044000000000000004,0.003784,0.00176,0.015840000000000003,0.35200000000000004,0.35200000000000004,0.22,1.0,1.0,0.0,0.0,1.0,0.0,0.0
TIMOTHY SILAGE,0.34,0.119,0.7906,0.6852,0.7906,0.7140000000000001,0.01156,0.023800000000000005,0.0017000000000000001,0.0009180000000000001,0.00578,0.15300000000000002,0.15300000000000002,0.0,1.0,1.0,0.0,0.0,1.0,0.0,0.0
TOMATOES,0.06,0.0096,0.732,0.7158,0.7325999999999999,0.012,0.0024,0.0036,8.400000000000001e-05,0.00020999999999999998,0.00252,0.0066,0.0066,0.0,1.0,0.0,0.0,1.0,0.0,0.0,1.0
TOMATO POMACE DRIED,0.92,0.2116,1.238,0.9712000000000001,1.238,1.518,0.09752,0.0552,0.003956,0.0054280000000000005,0.033120000000000004,0.46,0.46,0.0,1.0,0.0,0.0,1.0,0.0,0.0,1.0
TRITICALE HAY,0.9,0.09000000000000001,1.064,0.7670000000000001,1.064,2.178,0.0,0.0,0.0027,0.00234,0.0207,0.369,0.369,0.225,1.0,1.0,0.0,0.0,1.0,0.0,0.0
TRITICALE SILAGE,0.34,0.04760000000000001,0.7772,0.6684,0.7772,0.6324000000000001,0.012240000000000003,0.0,0.001972,0.0011560000000000001,0.009180000000000002,0.13260000000000002,0.13260000000000002,0.12240000000000001,1.0,1.0,0.0,0.0,1.0,0.0,0.0
TRITICALE GRAIN,0.89,0.3471,1.6332,1.4018,1.6777000000000002,0.5785,0.02136,0.0178,0.0006230000000000001,0.003471,0.00445,0.044500000000000005,0.044500000000000005,0.3293,1.0,1.0,0.0,0.0,0.0,0.0,1.0
TURNIP TOPS (PURPLE),0.18,0.0324,0.8042,0.7538,0.806,0.0414,0.00468,0.0252,0.00558,0.0007199999999999999,0.005399999999999999,0.0234,0.0234,0.0,0.0,0.0,1.0,1.0,1.0,0.0,0.0
TURNIP ROOTS,0.09,0.010799999999999999,0.9400999999999999,0.9167,0.9455,0.1161,0.0014399999999999999,0.0081,0.000585,0.000279,0.00279,0.030600000000000002,0.030600000000000002,0.036,1.0,1.0,1.0,0.0,0.0,0.0,0.0
VETCH HAY,0.89,0.2848,1.0962,0.8114,1.0962,1.8066999999999998,0.016020000000000003,0.0712,0.011125000000000001,0.0030260000000000005,0.02136,0.2937,0.2937,0.0,1.0,1.0,0.0,0.0,1.0,0.0,0.0
"WHEAT FRESH, PASTURE",0.21,0.0756,0.8633,0.8066,0.8654,0.2919,0.0084,0.0273,0.0007349999999999999,0.0007559999999999999,0.006509999999999999,0.063,0.063,0.0,1.0,1.0,0.0,0.0,1.0,0.0,0.0
WHEAT HAY,0.9,0.30600000000000005,1.083,0.7949999999999999,1.083,2.079,0.018000000000000002,0.07200000000000001,0.00189,0.00198,0.012599999999999998,0.342,0.342,0.20700000000000002,1.0,1.0,0.0,0.0,1.0,0.0,0.0
WHEAT SILAGE,0.33,0.10890000000000001,0.7847,0.6824,0.7847,0.6204,0.01056,0.026400000000000003,0.00132,0.0009240000000000001,0.00693,0.1221,0.1221,0.08910000000000001,1.0,1.0,0.0,0.0,1.0,0.0,0.0
WHEAT STRAW,0.91,0.5733,0.8030999999999999,0.43,0.8304,2.5389,0.016380000000000002,0.0728,0.0015470000000000002,0.0005459999999999999,0.011830000000000002,0.5186999999999999,0.5186999999999999,0.0546,1.0,1.0,0.0,0.0,0.0,0.0,0.0
WHEAT STRAW AMMONIATED,0.85,0.28900000000000003,0.9165,0.602,0.925,2.2864999999999998,0.01275,0.0765,0.001275,0.000425,0.01105,0.4675,0.4675,0.051,1.0,1.0,0.0,0.0,1.0,0.0,0.0
WHEAT GRAIN,0.89,0.3293,1.6899000000000002,1.4585,1.7522,0.1691,0.02047,0.0178,0.00044500000000000003,0.003827,0.0035600000000000002,0.0356,0.0356,0.35600000000000004,1.0,1.0,0.0,0.0,0.0,0.0,1.0
WHEAT GRAIN HARD,0.89,0.37379999999999997,1.6899000000000002,1.4585,1.7522,0.20470000000000002,0.0178,0.0178,0.00044500000000000003,0.003827,0.00445,0.053399999999999996,0.053399999999999996,0.4005,1.0,1.0,0.0,0.0,0.0,0.0,1.0
WHEAT GRAIN SOFT,0.89,0.3115,1.6899000000000002,1.4585,1.7522,0.1691,0.0178,0.0178,0.000534,0.0035600000000000002,0.0035600000000000002,0.0356,0.0356,0.267,1.0,1.0,0.0,0.0,0.0,0.0,1.0
"WHEAT GRAIN, STEAM FLAKED",0.85,0.3655,1.7175,1.4965,1.7770000000000001,0.1615,0.019549999999999998,0.017,0.000425,0.0033150000000000002,0.0034,0.034,0.034,0.34,1.0,0.0,0.0,1.0,0.0,0.0,1.0
WHEAT GRAIN SPROUTED,0.86,0.258,1.6625999999999999,1.439,1.7227999999999999,0.17200000000000001,0.0172,0.0172,0.000344,0.003096,0.00344,0.0344,0.0344,0.387,1.0,0.0,0.0,1.0,0.0,0.0,1.0
WHEAT BRAN,0.89,0.4005,1.3319,1.0916,1.3497,0.6675,0.03916000000000001,0.06230000000000001,0.001157,0.011748,0.012459999999999999,0.12460000000000002,0.12460000000000002,0.8543999999999999,1.0,0.0,0.0,1.0,0.0,0.0,1.0
WHEAT MIDDLINGS,0.89,0.35600000000000004,1.5387,1.2984,1.5654,0.5073,0.04183,0.044500000000000005,0.0012460000000000001,0.0089,0.01157,0.0979,0.0979,0.8722,1.0,0.0,0.0,1.0,0.0,0.0,1.0
WHEAT MILL RUN,0.9,0.405,1.4620000000000002,1.228,1.489,0.522,0.0405,0.054,0.00099,0.0099,0.0108,0.108,0.108,0.81,1.0,0.0,0.0,1.0,0.0,0.0,1.0
WHEAT SHORTS,0.89,0.3916,1.492,1.2606000000000002,1.5187,0.42719999999999997,0.04717,0.044500000000000005,0.0008900000000000001,0.008277000000000001,0.009790000000000002,0.08900000000000001,0.08900000000000001,1.0502,1.0,0.0,0.0,1.0,0.0,0.0,1.0
WHEATGRASS CRESTED  FRESH EARLY BLOOM,0.37,0.13319999999999999,0.822,0.711,0.822,0.5365,0.00592,0.025900000000000003,0.001702,0.001184,0.00888,0.10360000000000001,0.10360000000000001,0.0,1.0,1.0,0.0,0.0,1.0,0.0,0.0
WHEATGRASS CRESTED  FRESH FULL BLOOM,0.5,0.215,0.8250000000000001,0.655,0.8250000000000001,0.875,0.008,0.035,0.0019500000000000001,0.0014000000000000002,0.0105,0.18,0.18,0.0,1.0,1.0,0.0,0.0,1.0,0.0,0.0
WHEATGRASS CRESTED HAY,0.92,0.3956,1.0368000000000002,0.7240000000000001,1.0368000000000002,2.1344,0.022080000000000002,0.06440000000000001,0.003036,0.00184,0.0184,0.3312,0.3312,0.2944,1.0,1.0,0.0,0.0,1.0,0.0,0.0
WHEY DRIED,0.94,0.27259999999999995,1.6189999999999998,1.3746,1.6566,0.0,0.00846,0.094,0.009212,0.008272,0.01222,0.0,0.0,0.094,1.0,0.0,0.0,1.0,0.0,0.0,1.0
"YEAST, BREWER'S",0.92,0.7084,1.5352000000000001,1.2960000000000003,1.572,0.06440000000000001,0.008280000000000001,0.06440000000000001,0.001196,0.013708000000000001,0.016560000000000002,0.0368,0.0368,0.0,1.0,0.0,0.0,1.0,0.0,0.0,1.0
